,,event,week
1501808,0,1,0
1501808,1,1,1
1501808,2,1,1
1501808,3,1,1
1501808,4,1,1
1501808,5,1,1
1501808,6,1,1
1501808,7,1,1
1501808,8,1,1
1501808,9,1,1
1501808,10,1,2
1501808,11,1,2
1501808,12,1,2
1501808,13,1,2
1501808,14,1,2
1501808,15,1,2
1501808,16,1,2
1501808,17,1,2
1501808,18,1,2
1501808,19,1,2
1501808,20,1,2
1501808,21,1,2
1501808,22,1,2
1501808,23,1,2
1501808,24,1,2
1501808,25,1,2
1501808,26,1,2
1501808,27,1,2
1501808,28,1,2
1501808,29,1,3
1501808,30,1,3
1501808,31,1,3
1501808,32,1,3
1501808,33,1,3
1501808,34,1,3
1501808,35,1,3
1501808,36,1,3
1501808,37,1,3
1501808,38,1,3
1501808,39,1,3
1501808,40,1,3
1501808,41,1,3
1501808,42,1,3
1501808,43,1,4
1501808,44,1,4
1501808,45,1,4
1501808,46,1,4
1501808,47,1,4
1501808,48,1,4
1501808,49,1,4
1501808,50,1,5
1501808,51,1,5
1501808,52,1,5
1501808,53,1,5
1501808,54,1,5
1501808,55,1,5
1501808,56,1,5
1501808,57,1,5
1501808,58,1,5
1501808,59,1,6
1501808,60,1,6
1501808,61,1,6
1501808,62,1,6
1501808,63,1,7
1501808,64,1,7
1501808,65,1,7
1501808,66,1,8
1501808,67,1,8
1501808,68,1,8
1501808,69,1,8
1501808,70,1,10
1501808,71,1,10
1501808,72,1,10
1501808,73,1,10
1501808,74,1,12
1501808,75,1,12
1501808,76,1,13
1501808,77,1,14
1501808,78,1,14
1501808,79,1,15
1501808,80,1,16
1501808,81,1,16
1501808,82,1,17
1501808,83,1,17
1501808,84,1,17
1501808,85,1,19
1501808,86,1,20
1501808,87,1,29
1501808,88,1,31
1501808,89,1,33
1501808,90,1,34
1501808,91,1,34
1501808,92,1,34
1501808,93,1,34
1501808,94,1,34
1501808,95,1,35
1501808,96,1,36
1501808,97,1,37
1501808,98,1,38
1501808,99,1,40
1501808,100,1,42
1501808,101,1,43
1501808,102,1,44
1501808,103,1,48
1501808,104,1,51
1501808,105,1,51
1501808,106,1,52
1501808,107,1,53
1501808,108,1,54
1501808,109,1,54
1501808,110,1,57
2111201,0,1,2
2111201,1,1,2
2111201,2,1,2
2111201,3,1,2
2111201,4,1,3
2111201,5,1,3
2111201,6,1,4
2111201,7,1,4
2111201,8,1,4
2111201,9,1,5
2111201,10,1,5
2111201,11,1,5
2111201,12,1,5
2111201,13,1,5
2111201,14,1,6
2111201,15,1,6
2111201,16,1,6
2111201,17,1,6
2111201,18,1,6
2111201,19,1,6
2111201,20,1,7
2111201,21,1,7
2111201,22,1,7
2111201,23,1,7
2111201,24,1,7
2111201,25,1,7
2111201,26,1,7
2111201,27,1,7
2111201,28,1,7
2111201,29,1,7
2111201,30,1,7
2111201,31,1,7
2111201,32,1,7
2111201,33,1,8
2111201,34,1,8
2111201,35,1,8
2111201,36,1,8
2111201,37,1,8
2111201,38,1,8
2111201,39,1,8
2111201,40,1,8
2111201,41,1,9
2111201,42,1,9
2111201,43,1,9
2111201,44,1,9
2111201,45,1,9
2111201,46,1,9
2111201,47,1,9
2111201,48,1,9
2111201,49,1,10
2111201,50,1,10
2111201,51,1,10
2111201,52,1,10
2111201,53,1,11
2111201,54,1,11
2111201,55,1,11
2111201,56,1,11
2111201,57,1,11
2111201,58,1,11
2111201,59,1,11
2111201,60,1,11
2111201,61,1,11
2111201,62,1,11
2111201,63,1,11
2111201,64,1,12
2111201,65,1,12
2111201,66,1,12
2111201,67,1,12
2111201,68,1,12
2111201,69,1,12
2111201,70,1,12
2111201,71,1,12
2111201,72,1,12
2111201,73,1,12
2111201,74,1,12
2111201,75,1,12
2111201,76,1,12
2111201,77,1,12
2111201,78,1,12
2111201,79,1,12
2111201,80,1,12
2111201,81,1,12
2111201,82,1,12
2111201,83,1,12
2111201,84,1,12
2111201,85,1,13
2111201,86,1,13
2111201,87,1,13
2111201,88,1,13
2111201,89,1,14
2111201,90,1,14
2111201,91,1,14
2111201,92,1,14
2111201,93,1,14
2111201,94,1,15
2111201,95,1,15
2111201,96,1,15
2111201,97,1,15
2111201,98,1,16
2111201,99,1,16
2111201,100,1,16
2111201,101,1,16
2111201,102,1,16
2111201,103,1,17
2111201,104,1,17
2111201,105,1,17
2111201,106,1,18
2111201,107,1,19
2111201,108,1,20
2111201,109,1,20
2111201,110,1,21
2111201,111,1,22
2111201,112,1,23
2111201,113,1,26
2111201,114,1,26
2111201,115,1,27
2111201,116,1,27
2111201,117,1,27
2111201,118,1,28
2111201,119,1,28
2111201,120,1,32
2111201,121,1,35
2111201,122,1,37
2111201,123,1,42
2111201,124,1,42
2111201,125,1,42
2111201,126,1,42
2111201,127,1,43
2111201,128,1,44
2111201,129,1,44
2111201,130,1,45
2111201,131,1,45
2111201,132,1,45
2111201,133,1,45
2111201,134,1,45
2111201,135,1,45
2111201,136,1,46
2111201,137,1,46
2111201,138,1,46
2111201,139,1,46
2111201,140,1,46
2111201,141,1,46
2111201,142,1,46
2111201,143,1,46
2111201,144,1,46
2111201,145,1,46
2111201,146,1,47
2111201,147,1,47
2111201,148,1,47
2111201,149,1,47
2111201,150,1,47
2111201,151,1,48
2111201,152,1,48
2111201,153,1,48
2111201,154,1,48
2111201,155,1,48
2111201,156,1,49
2111201,157,1,49
2111201,158,1,49
2111201,159,1,49
2111201,160,1,50
2111201,161,1,50
2111201,162,1,50
2111201,163,1,50
2111201,164,1,50
2111201,165,1,50
2111201,166,1,50
2111201,167,1,51
2111201,168,1,51
2111201,169,1,51
2111201,170,1,51
2111201,171,1,51
2111201,172,1,51
2111201,173,1,51
2111201,174,1,51
2111201,175,1,51
2111201,176,1,51
2111201,177,1,52
2111201,178,1,52
2111201,179,1,52
2111201,180,1,52
2111201,181,1,52
2111201,182,1,52
2111201,183,1,52
2111201,184,1,52
2111201,185,1,52
2111201,186,1,52
2111201,187,1,53
2111201,188,1,53
2111201,189,1,53
2111201,190,1,53
2111201,191,1,53
2111201,192,1,54
2111201,193,1,54
2111201,194,1,54
2111201,195,1,54
2111201,196,1,54
2111201,197,1,54
2111201,198,1,54
2111201,199,1,54
2111201,200,1,54
2111201,201,1,54
2111201,202,1,54
2111201,203,1,54
2111201,204,1,54
2111201,205,1,54
2111201,206,1,54
2111201,207,1,54
2111201,208,1,54
2111201,209,1,54
2111201,210,1,54
2111201,211,1,54
2111201,212,1,54
2111201,213,1,54
2111201,214,1,54
2111201,215,1,54
2111201,216,1,54
2111201,217,1,54
2111201,218,1,54
2111201,219,1,54
2111201,220,1,55
2111201,221,1,55
2111201,222,1,55
2111201,223,1,55
2111201,224,1,55
2111201,225,1,55
2111201,226,1,56
2111201,227,1,56
2111201,228,1,56
2111201,229,1,56
2111201,230,1,56
2111201,231,1,56
2111201,232,1,56
2111201,233,1,56
2111201,234,1,56
2111201,235,1,56
2111201,236,1,57
2111201,237,1,57
2111201,238,1,57
2111201,239,1,57
2111201,240,1,57
2111201,241,1,57
2111201,242,1,57
2111201,243,1,57
2111201,244,1,57
2111201,245,1,57
2111201,246,1,57
2111201,247,1,57
2111201,248,1,57
2111201,249,1,57
2111201,250,1,57
2111201,251,1,57
2111201,252,1,58
2111201,253,1,59
2111201,254,1,59
2111201,255,1,59
2111201,256,1,59
2111201,257,1,59
2111201,258,1,59
2111201,259,1,59
2111201,260,1,59
2111201,261,1,60
2910800,0,1,6
2910800,1,1,10
2910800,2,1,11
2910800,3,1,12
2910800,4,1,12
2910800,5,1,13
2910800,6,1,14
2910800,7,1,14
2910800,8,1,14
2910800,9,1,14
2910800,10,1,14
2910800,11,1,14
2910800,12,1,14
2910800,13,1,14
2910800,14,1,14
2910800,15,1,14
2910800,16,1,14
2910800,17,1,15
2910800,18,1,15
2910800,19,1,15
2910800,20,1,15
2910800,21,1,15
2910800,22,1,15
2910800,23,1,15
2910800,24,1,15
2910800,25,1,15
2910800,26,1,15
2910800,27,1,15
2910800,28,1,15
2910800,29,1,15
2910800,30,1,15
2910800,31,1,16
2910800,32,1,16
2910800,33,1,16
2910800,34,1,16
2910800,35,1,16
2910800,36,1,16
2910800,37,1,16
2910800,38,1,16
2910800,39,1,16
2910800,40,1,16
2910800,41,1,16
2910800,42,1,16
2910800,43,1,16
2910800,44,1,16
2910800,45,1,17
2910800,46,1,17
2910800,47,1,17
2910800,48,1,17
2910800,49,1,17
2910800,50,1,17
2910800,51,1,17
2910800,52,1,18
2910800,53,1,18
2910800,54,1,18
2910800,55,1,18
2910800,56,1,18
2910800,57,1,18
2910800,58,1,18
2910800,59,1,18
2910800,60,1,18
2910800,61,1,19
2910800,62,1,19
2910800,63,1,19
2910800,64,1,19
2910800,65,1,19
2910800,66,1,19
2910800,67,1,19
2910800,68,1,19
2910800,69,1,19
2910800,70,1,19
2910800,71,1,19
2910800,72,1,20
2910800,73,1,20
2910800,74,1,20
2910800,75,1,20
2910800,76,1,20
2910800,77,1,20
2910800,78,1,20
2910800,79,1,20
2910800,80,1,20
2910800,81,1,20
2910800,82,1,20
2910800,83,1,20
2910800,84,1,20
2910800,85,1,20
2910800,86,1,21
2910800,87,1,21
2910800,88,1,21
2910800,89,1,21
2910800,90,1,21
2910800,91,1,21
2910800,92,1,21
2910800,93,1,21
2910800,94,1,21
2910800,95,1,22
2910800,96,1,22
2910800,97,1,22
2910800,98,1,22
2910800,99,1,22
2910800,100,1,22
2910800,101,1,22
2910800,102,1,22
2910800,103,1,22
2910800,104,1,22
2910800,105,1,22
2910800,106,1,22
2910800,107,1,22
2910800,108,1,22
2910800,109,1,22
2910800,110,1,22
2910800,111,1,22
2910800,112,1,22
2910800,113,1,22
2910800,114,1,22
2910800,115,1,22
2910800,116,1,22
2910800,117,1,22
2910800,118,1,22
2910800,119,1,22
2910800,120,1,22
2910800,121,1,22
2910800,122,1,22
2910800,123,1,22
2910800,124,1,22
2910800,125,1,22
2910800,126,1,22
2910800,127,1,22
2910800,128,1,22
2910800,129,1,22
2910800,130,1,22
2910800,131,1,22
2910800,132,1,22
2910800,133,1,22
2910800,134,1,22
2910800,135,1,22
2910800,136,1,22
2910800,137,1,23
2910800,138,1,23
2910800,139,1,23
2910800,140,1,23
2910800,141,1,23
2910800,142,1,23
2910800,143,1,23
2910800,144,1,23
2910800,145,1,23
2910800,146,1,23
2910800,147,1,23
2910800,148,1,23
2910800,149,1,23
2910800,150,1,23
2910800,151,1,23
2910800,152,1,23
2910800,153,1,24
2910800,154,1,24
2910800,155,1,24
2910800,156,1,24
2910800,157,1,24
2910800,158,1,24
2910800,159,1,24
2910800,160,1,24
2910800,161,1,24
2910800,162,1,24
2910800,163,1,24
2910800,164,1,24
2910800,165,1,24
2910800,166,1,24
2910800,167,1,24
2910800,168,1,24
2910800,169,1,24
2910800,170,1,24
2910800,171,1,24
2910800,172,1,24
2910800,173,1,25
2910800,174,1,25
2910800,175,1,25
2910800,176,1,25
2910800,177,1,25
2910800,178,1,25
2910800,179,1,25
2910800,180,1,25
2910800,181,1,25
2910800,182,1,25
2910800,183,1,25
2910800,184,1,25
2910800,185,1,25
2910800,186,1,26
2910800,187,1,26
2910800,188,1,26
2910800,189,1,26
2910800,190,1,26
2910800,191,1,26
2910800,192,1,26
2910800,193,1,27
2910800,194,1,27
2910800,195,1,27
2910800,196,1,27
2910800,197,1,27
2910800,198,1,27
2910800,199,1,27
2910800,200,1,27
2910800,201,1,27
2910800,202,1,27
2910800,203,1,27
2910800,204,1,27
2910800,205,1,27
2910800,206,1,28
2910800,207,1,28
2910800,208,1,28
2910800,209,1,28
2910800,210,1,28
2910800,211,1,28
2910800,212,1,28
2910800,213,1,28
2910800,214,1,28
2910800,215,1,28
2910800,216,1,28
2910800,217,1,28
2910800,218,1,28
2910800,219,1,29
2910800,220,1,29
2910800,221,1,29
2910800,222,1,29
2910800,223,1,29
2910800,224,1,30
2910800,225,1,30
2910800,226,1,30
2910800,227,1,30
2910800,228,1,30
2910800,229,1,30
2910800,230,1,30
2910800,231,1,30
2910800,232,1,30
2910800,233,1,30
2910800,234,1,31
2910800,235,1,31
2910800,236,1,31
2910800,237,1,31
2910800,238,1,31
2910800,239,1,31
2910800,240,1,31
2910800,241,1,32
2910800,242,1,32
2910800,243,1,32
2910800,244,1,32
2910800,245,1,32
2910800,246,1,32
2910800,247,1,32
2910800,248,1,33
2910800,249,1,33
2910800,250,1,33
2910800,251,1,33
2910800,252,1,33
2910800,253,1,33
2910800,254,1,33
2910800,255,1,33
2910800,256,1,34
2910800,257,1,34
2910800,258,1,34
2910800,259,1,34
2910800,260,1,34
2910800,261,1,34
2910800,262,1,34
2910800,263,1,34
2910800,264,1,34
2910800,265,1,34
2910800,266,1,35
2910800,267,1,35
2910800,268,1,35
2910800,269,1,35
2910800,270,1,35
2910800,271,1,35
2910800,272,1,35
2910800,273,1,35
2910800,274,1,36
2910800,275,1,36
2910800,276,1,36
2910800,277,1,36
2910800,278,1,36
2910800,279,1,36
2910800,280,1,37
2910800,281,1,37
2910800,282,1,37
2910800,283,1,37
2910800,284,1,37
2910800,285,1,37
2910800,286,1,37
2910800,287,1,37
2910800,288,1,37
2910800,289,1,37
2910800,290,1,37
2910800,291,1,37
2910800,292,1,37
2910800,293,1,37
2910800,294,1,37
2910800,295,1,37
2910800,296,1,37
2910800,297,1,37
2910800,298,1,37
2910800,299,1,37
2910800,300,1,37
2910800,301,1,38
2910800,302,1,38
2910800,303,1,38
2910800,304,1,38
2910800,305,1,38
2910800,306,1,38
2910800,307,1,38
2910800,308,1,38
2910800,309,1,38
2910800,310,1,38
2910800,311,1,39
2910800,312,1,39
2910800,313,1,39
2910800,314,1,39
2910800,315,1,39
2910800,316,1,39
2910800,317,1,39
2910800,318,1,39
2910800,319,1,39
2910800,320,1,39
2910800,321,1,39
2910800,322,1,40
2910800,323,1,40
2910800,324,1,40
2910800,325,1,40
2910800,326,1,40
2910800,327,1,40
2910800,328,1,40
2910800,329,1,40
2910800,330,1,41
2910800,331,1,41
2910800,332,1,41
2910800,333,1,41
2910800,334,1,41
2910800,335,1,41
2910800,336,1,41
2910800,337,1,41
2910800,338,1,41
2910800,339,1,41
2910800,340,1,41
2910800,341,1,41
2910800,342,1,41
2910800,343,1,42
2910800,344,1,42
2910800,345,1,42
2910800,346,1,42
2910800,347,1,42
2910800,348,1,42
2910800,349,1,42
2910800,350,1,42
2910800,351,1,42
2910800,352,1,42
2910800,353,1,43
2910800,354,1,43
2910800,355,1,43
2910800,356,1,43
2910800,357,1,43
2910800,358,1,43
2910800,359,1,43
2910800,360,1,43
2910800,361,1,43
2910800,362,1,43
2910800,363,1,44
2910800,364,1,44
2910800,365,1,44
2910800,366,1,44
2910800,367,1,44
2910800,368,1,44
2910800,369,1,44
2910800,370,1,44
2910800,371,1,44
2910800,372,1,44
2910800,373,1,44
2910800,374,1,44
2910800,375,1,44
2910800,376,1,44
2910800,377,1,44
2910800,378,1,44
2910800,379,1,44
2910800,380,1,44
2910800,381,1,44
2910800,382,1,44
2910800,383,1,44
2910800,384,1,44
2910800,385,1,45
2910800,386,1,45
2910800,387,1,45
2910800,388,1,45
2910800,389,1,45
2910800,390,1,45
2910800,391,1,45
2910800,392,1,45
2910800,393,1,45
2910800,394,1,45
2910800,395,1,45
2910800,396,1,45
2910800,397,1,45
2910800,398,1,46
2910800,399,1,46
2910800,400,1,46
2910800,401,1,46
2910800,402,1,46
2910800,403,1,46
2910800,404,1,46
2910800,405,1,46
2910800,406,1,46
2910800,407,1,46
2910800,408,1,46
2910800,409,1,46
2910800,410,1,46
2910800,411,1,46
2910800,412,1,46
2910800,413,1,46
2910800,414,1,46
2910800,415,1,46
2910800,416,1,46
2910800,417,1,46
2910800,418,1,46
2910800,419,1,46
2910800,420,1,46
2910800,421,1,46
2910800,422,1,46
2910800,423,1,46
2910800,424,1,46
2910800,425,1,46
2910800,426,1,46
2910800,427,1,46
2910800,428,1,46
2910800,429,1,46
2910800,430,1,46
2910800,431,1,47
2910800,432,1,47
2910800,433,1,47
2910800,434,1,47
2910800,435,1,47
2910800,436,1,47
2910800,437,1,47
2910800,438,1,47
2910800,439,1,47
2910800,440,1,47
2910800,441,1,47
2910800,442,1,47
2910800,443,1,48
2910800,444,1,48
2910800,445,1,48
2910800,446,1,48
2910800,447,1,48
2910800,448,1,48
2910800,449,1,48
2910800,450,1,49
2910800,451,1,49
2910800,452,1,49
2910800,453,1,49
2910800,454,1,49
2910800,455,1,49
2910800,456,1,49
2910800,457,1,49
2910800,458,1,49
2910800,459,1,49
2910800,460,1,49
2910800,461,1,49
2910800,462,1,49
2910800,463,1,50
2910800,464,1,50
2910800,465,1,50
2910800,466,1,50
2910800,467,1,50
2910800,468,1,50
2910800,469,1,50
2910800,470,1,50
2910800,471,1,50
2910800,472,1,50
2910800,473,1,50
2910800,474,1,50
2910800,475,1,50
2910800,476,1,50
2910800,477,1,50
2910800,478,1,51
2910800,479,1,51
2910800,480,1,51
2910800,481,1,51
2910800,482,1,51
2910800,483,1,51
2910800,484,1,51
2910800,485,1,51
2910800,486,1,51
2910800,487,1,51
2910800,488,1,51
2910800,489,1,51
2910800,490,1,51
2910800,491,1,51
2910800,492,1,51
2910800,493,1,51
2910800,494,1,51
2910800,495,1,51
2910800,496,1,51
2910800,497,1,51
2910800,498,1,52
2910800,499,1,52
2910800,500,1,52
2910800,501,1,52
2910800,502,1,52
2910800,503,1,52
2910800,504,1,52
2910800,505,1,52
2910800,506,1,52
2910800,507,1,52
2910800,508,1,52
2910800,509,1,52
2910800,510,1,52
2910800,511,1,52
2910800,512,1,52
2910800,513,1,52
2910800,514,1,53
2910800,515,1,53
2910800,516,1,53
2910800,517,1,53
2910800,518,1,53
2910800,519,1,53
2910800,520,1,53
2910800,521,1,53
2910800,522,1,53
2910800,523,1,53
2910800,524,1,53
2910800,525,1,53
2910800,526,1,53
2910800,527,1,53
2910800,528,1,53
2910800,529,1,53
2910800,530,1,53
2910800,531,1,53
2910800,532,1,53
2910800,533,1,53
2910800,534,1,53
2910800,535,1,54
2910800,536,1,54
2910800,537,1,54
2910800,538,1,54
2910800,539,1,54
2910800,540,1,54
2910800,541,1,54
2910800,542,1,54
2910800,543,1,54
2910800,544,1,54
2910800,545,1,54
2910800,546,1,54
2910800,547,1,54
2910800,548,1,54
2910800,549,1,54
2910800,550,1,54
2910800,551,1,54
2910800,552,1,54
2910800,553,1,54
2910800,554,1,54
2910800,555,1,54
2910800,556,1,54
2910800,557,1,54
2910800,558,1,54
2910800,559,1,54
2910800,560,1,54
2910800,561,1,54
2910800,562,1,55
2910800,563,1,55
2910800,564,1,55
2910800,565,1,55
2910800,566,1,55
2910800,567,1,55
2910800,568,1,55
2910800,569,1,55
2910800,570,1,55
2910800,571,1,55
2910800,572,1,55
2910800,573,1,55
2910800,574,1,55
2910800,575,1,55
2910800,576,1,55
2910800,577,1,55
2910800,578,1,55
2910800,579,1,55
2910800,580,1,55
2910800,581,1,55
2910800,582,1,55
2910800,583,1,55
2910800,584,1,55
2910800,585,1,55
2910800,586,1,56
2910800,587,1,56
2910800,588,1,56
2910800,589,1,56
2910800,590,1,56
2910800,591,1,56
2910800,592,1,56
2910800,593,1,56
2910800,594,1,56
2910800,595,1,56
2910800,596,1,56
2910800,597,1,56
2910800,598,1,56
2910800,599,1,56
2910800,600,1,56
2910800,601,1,56
2910800,602,1,56
2910800,603,1,56
2910800,604,1,56
2910800,605,1,56
2910800,606,1,57
2910800,607,1,57
2910800,608,1,57
2910800,609,1,57
2910800,610,1,57
2910800,611,1,57
2910800,612,1,57
2910800,613,1,57
2910800,614,1,57
2910800,615,1,57
2910800,616,1,57
2910800,617,1,57
2910800,618,1,57
2910800,619,1,57
2910800,620,1,57
2910800,621,1,57
2910800,622,1,57
2910800,623,1,57
2910800,624,1,57
2910800,625,1,57
2910800,626,1,57
2910800,627,1,57
2910800,628,1,57
2910800,629,1,57
2910800,630,1,57
2910800,631,1,57
2910800,632,1,57
2910800,633,1,57
2910800,634,1,57
2910800,635,1,57
2910800,636,1,57
2910800,637,1,58
2910800,638,1,58
2910800,639,1,58
2910800,640,1,58
2910800,641,1,58
2910800,642,1,58
2910800,643,1,58
2910800,644,1,58
2910800,645,1,58
2910800,646,1,58
2910800,647,1,58
2910800,648,1,58
2910800,649,1,58
2910800,650,1,58
2910800,651,1,58
2910800,652,1,58
2910800,653,1,58
2910800,654,1,58
2910800,655,1,58
2910800,656,1,58
2910800,657,1,58
2910800,658,1,58
2910800,659,1,58
2910800,660,1,58
2910800,661,1,59
2910800,662,1,59
2910800,663,1,59
2910800,664,1,59
2910800,665,1,59
2910800,666,1,59
2910800,667,1,59
2910800,668,1,59
2910800,669,1,59
2910800,670,1,59
2910800,671,1,59
2910800,672,1,59
2910800,673,1,59
2910800,674,1,59
2910800,675,1,59
2910800,676,1,59
2910800,677,1,59
2910800,678,1,59
2910800,679,1,59
2910800,680,1,59
2910800,681,1,60
2910800,682,1,60
2910800,683,1,60
2910800,684,1,60
2910800,685,1,60
2910800,686,1,60
2910800,687,1,60
2910800,688,1,60
2910800,689,1,60
2910800,690,1,60
2910800,691,1,60
2910800,692,1,60
2910800,693,1,60
2910800,694,1,60
2910800,695,1,60
2910800,696,1,60
2910800,697,1,60
2910800,698,1,60
2910800,699,1,60
2910800,700,1,60
2910800,701,1,60
2910800,702,1,60
2910800,703,1,60
2910800,704,1,60
2910800,705,1,61
2910800,706,1,61
2910800,707,1,61
2910800,708,1,61
2910800,709,1,61
2910800,710,1,61
2910800,711,1,61
2910800,712,1,61
2910800,713,1,61
2910800,714,1,61
2910800,715,1,61
2910800,716,1,61
2910800,717,1,61
2910800,718,1,61
2910800,719,1,61
2910800,720,1,61
2910800,721,1,61
2910800,722,1,61
2910800,723,1,61
2910800,724,1,61
2910800,725,1,61
2910800,726,1,61
2910800,727,1,61
2910800,728,1,62
2910800,729,1,62
2910800,730,1,62
2910800,731,1,62
2910800,732,1,62
2910800,733,1,62
2910800,734,1,62
2910800,735,1,62
2910800,736,1,62
2910800,737,1,62
2910800,738,1,62
2910800,739,1,62
2910800,740,1,62
2910800,741,1,62
2910800,742,1,62
2910800,743,1,62
2910800,744,1,62
2910800,745,1,62
2910800,746,1,62
2910800,747,1,62
2910800,748,1,62
2910800,749,1,62
2910800,750,1,62
2910800,751,1,63
2910800,752,1,63
2910800,753,1,63
2910800,754,1,63
2910800,755,1,63
2910800,756,1,63
2910800,757,1,63
2910800,758,1,63
2910800,759,1,63
2910800,760,1,63
2910800,761,1,63
2910800,762,1,63
2910800,763,1,63
2910800,764,1,63
2910800,765,1,63
2910800,766,1,63
2910800,767,1,63
2910800,768,1,63
2910800,769,1,63
2910800,770,1,63
2910800,771,1,63
2910800,772,1,63
2910800,773,1,63
2910800,774,1,63
2910800,775,1,63
2910800,776,1,63
2910800,777,1,63
2910800,778,1,64
2910800,779,1,64
2403251,0,1,5
2403251,1,1,6
2403251,2,1,6
2403251,3,1,6
2403251,4,1,7
2403251,5,1,8
2403251,6,1,9
2403251,7,1,9
2403251,8,1,9
2403251,9,1,10
2403251,10,1,10
2403251,11,1,11
2403251,12,1,11
2403251,13,1,11
2403251,14,1,11
2403251,15,1,11
2403251,16,1,11
2403251,17,1,11
2403251,18,1,11
2403251,19,1,11
2403251,20,1,11
2403251,21,1,12
2403251,22,1,12
2403251,23,1,12
2403251,24,1,12
2403251,25,1,12
2403251,26,1,12
2403251,27,1,12
2403251,28,1,12
2403251,29,1,12
2403251,30,1,13
2403251,31,1,13
2403251,32,1,13
2403251,33,1,13
2403251,34,1,13
2403251,35,1,13
2403251,36,1,13
2403251,37,1,13
2403251,38,1,13
2403251,39,1,13
2403251,40,1,13
2403251,41,1,13
2403251,42,1,13
2403251,43,1,13
2403251,44,1,13
2403251,45,1,13
2403251,46,1,13
2403251,47,1,13
2403251,48,1,13
2403251,49,1,13
2403251,50,1,13
2403251,51,1,14
2403251,52,1,14
2403251,53,1,14
2403251,54,1,14
2403251,55,1,14
2403251,56,1,14
2403251,57,1,14
2403251,58,1,14
2403251,59,1,14
2403251,60,1,14
2403251,61,1,14
2403251,62,1,14
2403251,63,1,14
2403251,64,1,14
2403251,65,1,14
2403251,66,1,14
2403251,67,1,14
2403251,68,1,14
2403251,69,1,14
2403251,70,1,14
2403251,71,1,14
2403251,72,1,14
2403251,73,1,15
2403251,74,1,15
2403251,75,1,15
2403251,76,1,15
2403251,77,1,15
2403251,78,1,15
2403251,79,1,15
2403251,80,1,15
2403251,81,1,15
2403251,82,1,15
2403251,83,1,15
2403251,84,1,15
2403251,85,1,15
2403251,86,1,16
2403251,87,1,16
2403251,88,1,16
2403251,89,1,16
2403251,90,1,16
2403251,91,1,16
2403251,92,1,16
2403251,93,1,16
2403251,94,1,16
2403251,95,1,16
2403251,96,1,16
2403251,97,1,16
2403251,98,1,16
2403251,99,1,16
2403251,100,1,17
2403251,101,1,17
2403251,102,1,17
2403251,103,1,17
2403251,104,1,17
2403251,105,1,17
2403251,106,1,17
2403251,107,1,17
2403251,108,1,17
2403251,109,1,17
2403251,110,1,17
2403251,111,1,17
2403251,112,1,17
2403251,113,1,17
2403251,114,1,18
2403251,115,1,18
2403251,116,1,18
2403251,117,1,18
2403251,118,1,18
2403251,119,1,18
2403251,120,1,18
2403251,121,1,18
2403251,122,1,20
2403251,123,1,20
2403251,124,1,20
2403251,125,1,20
2403251,126,1,20
2403251,127,1,20
2403251,128,1,20
2403251,129,1,20
2403251,130,1,20
2403251,131,1,20
2403251,132,1,20
2403251,133,1,21
2403251,134,1,21
2403251,135,1,21
2403251,136,1,22
2403251,137,1,22
2403251,138,1,22
2403251,139,1,22
2403251,140,1,22
2403251,141,1,22
2403251,142,1,23
2403251,143,1,24
2403251,144,1,25
2403251,145,1,25
2403251,146,1,25
2403251,147,1,25
2403251,148,1,27
2403251,149,1,27
2403251,150,1,28
2403251,151,1,28
2403251,152,1,28
2403251,153,1,29
2403251,154,1,30
2403251,155,1,30
2403251,156,1,30
2403251,157,1,30
2403251,158,1,30
2403251,159,1,30
2403251,160,1,30
2403251,161,1,30
2403251,162,1,30
2403251,163,1,30
2403251,164,1,30
2403251,165,1,31
2403251,166,1,31
2403251,167,1,31
2403251,168,1,32
2403251,169,1,34
2403251,170,1,35
2403251,171,1,37
2403251,172,1,37
2403251,173,1,37
2403251,174,1,38
2403251,175,1,38
2403251,176,1,38
2403251,177,1,38
2403251,178,1,38
2403251,179,1,39
2403251,180,1,39
2403251,181,1,39
2403251,182,1,39
2403251,183,1,39
2403251,184,1,39
2403251,185,1,39
2403251,186,1,39
2403251,187,1,39
2403251,188,1,39
2403251,189,1,39
2403251,190,1,40
2403251,191,1,40
2403251,192,1,40
2403251,193,1,40
2403251,194,1,41
2403251,195,1,41
2403251,196,1,41
2403251,197,1,41
2403251,198,1,41
2403251,199,1,41
2403251,200,1,42
2403251,201,1,42
2403251,202,1,42
2403251,203,1,42
2403251,204,1,42
2403251,205,1,42
2403251,206,1,42
2403251,207,1,43
2403251,208,1,43
2403251,209,1,43
2403251,210,1,43
2403251,211,1,43
2403251,212,1,43
2403251,213,1,43
2403251,214,1,43
2403251,215,1,44
2403251,216,1,44
2403251,217,1,44
2403251,218,1,44
2403251,219,1,44
2403251,220,1,44
2403251,221,1,44
2403251,222,1,44
2403251,223,1,44
2403251,224,1,45
2403251,225,1,45
2403251,226,1,45
2403251,227,1,45
2403251,228,1,45
2403251,229,1,45
2403251,230,1,46
2403251,231,1,46
2403251,232,1,47
2403251,233,1,47
2403251,234,1,47
2403251,235,1,49
2403251,236,1,49
2403251,237,1,49
2403251,238,1,49
2403251,239,1,49
2403251,240,1,49
2403251,241,1,49
2403251,242,1,49
2403251,243,1,49
2403251,244,1,49
2403251,245,1,49
2403251,246,1,49
2403251,247,1,49
2403251,248,1,49
2403251,249,1,49
2403251,250,1,49
2403251,251,1,49
2403251,252,1,49
2403251,253,1,49
2403251,254,1,49
2403251,255,1,49
2403251,256,1,50
2403251,257,1,50
2403251,258,1,50
2403251,259,1,50
2403251,260,1,50
2403251,261,1,50
2403251,262,1,50
2403251,263,1,50
2403251,264,1,50
2403251,265,1,50
2403251,266,1,50
2403251,267,1,50
2403251,268,1,50
2403251,269,1,50
2403251,270,1,50
2403251,271,1,50
2403251,272,1,50
2403251,273,1,50
2403251,274,1,51
2403251,275,1,51
2403251,276,1,51
2403251,277,1,51
2403251,278,1,51
2403251,279,1,51
2403251,280,1,51
2403251,281,1,51
2403251,282,1,51
2403251,283,1,52
2403251,284,1,52
2403251,285,1,52
2403251,286,1,52
2403251,287,1,52
2403251,288,1,52
2403251,289,1,52
2403251,290,1,52
2403251,291,1,52
2403251,292,1,52
2403251,293,1,52
2403251,294,1,52
2403251,295,1,52
2403251,296,1,52
2403251,297,1,52
2403251,298,1,52
2403251,299,1,52
2403251,300,1,52
2403251,301,1,52
2403251,302,1,52
2403251,303,1,52
2403251,304,1,53
2403251,305,1,53
2403251,306,1,53
2403251,307,1,53
2403251,308,1,53
2403251,309,1,53
2403251,310,1,53
2403251,311,1,53
2403251,312,1,53
2403251,313,1,53
2403251,314,1,53
2403251,315,1,53
2403251,316,1,53
2403251,317,1,53
2403251,318,1,53
2403251,319,1,53
2403251,320,1,53
2403251,321,1,53
2403251,322,1,54
2403251,323,1,54
2403251,324,1,54
2403251,325,1,54
2403251,326,1,54
2403251,327,1,54
2403251,328,1,54
2403251,329,1,54
2403251,330,1,55
2403251,331,1,55
2403251,332,1,55
2403251,333,1,55
2403251,334,1,55
2403251,335,1,55
2403251,336,1,55
2403251,337,1,55
2403251,338,1,55
2403251,339,1,55
2403251,340,1,55
2403251,341,1,55
2403251,342,1,55
2403251,343,1,55
2403251,344,1,55
2403251,345,1,55
2403251,346,1,55
2403251,347,1,55
2403251,348,1,55
2403251,349,1,55
2403251,350,1,55
2403251,351,1,55
2403251,352,1,55
2403251,353,1,55
2403251,354,1,55
2403251,355,1,55
2403251,356,1,55
2403251,357,1,55
2403251,358,1,55
2403251,359,1,56
2403251,360,1,56
2403251,361,1,56
2403251,362,1,56
2403251,363,1,56
2403251,364,1,56
2403251,365,1,56
2403251,366,1,56
2403251,367,1,56
2403251,368,1,56
2403251,369,1,56
2403251,370,1,56
2403251,371,1,57
2403251,372,1,57
2403251,373,1,57
2403251,374,1,57
2403251,375,1,57
2403251,376,1,57
2403251,377,1,57
2403251,378,1,57
2403251,379,1,57
2403251,380,1,57
2403251,381,1,57
2403251,382,1,57
2403251,383,1,57
2403251,384,1,57
2403251,385,1,57
2403251,386,1,57
2403251,387,1,57
2403251,388,1,57
2403251,389,1,57
2403251,390,1,57
2403251,391,1,57
2403251,392,1,58
2403251,393,1,58
2403251,394,1,58
2403251,395,1,58
2403251,396,1,58
2403251,397,1,58
2403251,398,1,59
2403251,399,1,59
2403251,400,1,59
2403251,401,1,59
2403251,402,1,59
2403251,403,1,59
2403251,404,1,59
2403251,405,1,59
2403251,406,1,59
2403251,407,1,59
2403251,408,1,59
2403251,409,1,59
2403251,410,1,59
2403251,411,1,59
2403251,412,1,59
2403251,413,1,60
2403251,414,1,60
2403251,415,1,60
2403251,416,1,60
2403251,417,1,60
2403251,418,1,60
2403251,419,1,60
2403251,420,1,60
2403251,421,1,60
4218707,0,1,3
4218707,1,1,4
4218707,2,1,6
4218707,3,1,12
4218707,4,1,16
4218707,5,1,16
4218707,6,1,17
4218707,7,1,17
4218707,8,1,17
4218707,9,1,17
4218707,10,1,17
4218707,11,1,17
4218707,12,1,17
4218707,13,1,17
4218707,14,1,18
4218707,15,1,18
4218707,16,1,18
4218707,17,1,18
4218707,18,1,18
4218707,19,1,18
4218707,20,1,18
4218707,21,1,18
4218707,22,1,18
4218707,23,1,18
4218707,24,1,18
4218707,25,1,19
4218707,26,1,19
4218707,27,1,19
4218707,28,1,19
4218707,29,1,19
4218707,30,1,19
4218707,31,1,19
4218707,32,1,19
4218707,33,1,19
4218707,34,1,19
4218707,35,1,19
4218707,36,1,19
4218707,37,1,19
4218707,38,1,20
4218707,39,1,20
4218707,40,1,20
4218707,41,1,20
4218707,42,1,20
4218707,43,1,20
4218707,44,1,20
4218707,45,1,20
4218707,46,1,21
4218707,47,1,21
4218707,48,1,21
4218707,49,1,21
4218707,50,1,21
4218707,51,1,21
4218707,52,1,21
4218707,53,1,21
4218707,54,1,21
4218707,55,1,21
4218707,56,1,21
4218707,57,1,22
4218707,58,1,22
4218707,59,1,22
4218707,60,1,22
4218707,61,1,23
4218707,62,1,23
4218707,63,1,23
4218707,64,1,23
4218707,65,1,23
4218707,66,1,24
4218707,67,1,24
4218707,68,1,24
4218707,69,1,24
4218707,70,1,24
4218707,71,1,24
4218707,72,1,24
4218707,73,1,25
4218707,74,1,25
4218707,75,1,25
4218707,76,1,26
4218707,77,1,26
4218707,78,1,26
4218707,79,1,27
4218707,80,1,27
4218707,81,1,27
4218707,82,1,27
4218707,83,1,27
4218707,84,1,28
4218707,85,1,29
4218707,86,1,29
4218707,87,1,29
4218707,88,1,29
4218707,89,1,29
4218707,90,1,30
4218707,91,1,30
4218707,92,1,30
4218707,93,1,31
4218707,94,1,32
4218707,95,1,32
4218707,96,1,33
4218707,97,1,33
4218707,98,1,33
4218707,99,1,34
4218707,100,1,34
4218707,101,1,34
4218707,102,1,34
4218707,103,1,35
4218707,104,1,35
4218707,105,1,35
4218707,106,1,35
4218707,107,1,35
4218707,108,1,35
4218707,109,1,36
4218707,110,1,36
4218707,111,1,36
4218707,112,1,36
4218707,113,1,36
4218707,114,1,36
4218707,115,1,37
4218707,116,1,37
4218707,117,1,37
4218707,118,1,37
4218707,119,1,37
4218707,120,1,37
4218707,121,1,37
4218707,122,1,37
4218707,123,1,37
4218707,124,1,38
4218707,125,1,38
4218707,126,1,38
4218707,127,1,38
4218707,128,1,38
4218707,129,1,38
4218707,130,1,38
4218707,131,1,38
4218707,132,1,38
4218707,133,1,38
4218707,134,1,38
4218707,135,1,39
4218707,136,1,39
4218707,137,1,39
4218707,138,1,39
4218707,139,1,39
4218707,140,1,39
4218707,141,1,39
4218707,142,1,39
4218707,143,1,39
4218707,144,1,39
4218707,145,1,39
4218707,146,1,39
4218707,147,1,39
4218707,148,1,39
4218707,149,1,39
4218707,150,1,39
4218707,151,1,39
4218707,152,1,40
4218707,153,1,40
4218707,154,1,40
4218707,155,1,40
4218707,156,1,40
4218707,157,1,40
4218707,158,1,40
4218707,159,1,40
4218707,160,1,40
4218707,161,1,40
4218707,162,1,40
4218707,163,1,40
4218707,164,1,40
4218707,165,1,41
4218707,166,1,41
4218707,167,1,41
4218707,168,1,41
4218707,169,1,41
4218707,170,1,41
4218707,171,1,41
4218707,172,1,41
4218707,173,1,41
4218707,174,1,41
4218707,175,1,41
4218707,176,1,42
4218707,177,1,42
4218707,178,1,42
4218707,179,1,42
4218707,180,1,42
4218707,181,1,42
4218707,182,1,42
4218707,183,1,42
4218707,184,1,42
4218707,185,1,42
4218707,186,1,43
4218707,187,1,43
4218707,188,1,43
4218707,189,1,43
4218707,190,1,43
4218707,191,1,43
4218707,192,1,43
4218707,193,1,43
4218707,194,1,44
4218707,195,1,44
4218707,196,1,44
4218707,197,1,44
4218707,198,1,44
4218707,199,1,44
4218707,200,1,44
4218707,201,1,45
4218707,202,1,45
4218707,203,1,45
4218707,204,1,45
4218707,205,1,45
4218707,206,1,45
4218707,207,1,46
4218707,208,1,46
4218707,209,1,46
4218707,210,1,46
4218707,211,1,46
4218707,212,1,47
4218707,213,1,47
4218707,214,1,48
4218707,215,1,49
4218707,216,1,49
4218707,217,1,49
4218707,218,1,50
4218707,219,1,50
4218707,220,1,50
4218707,221,1,50
4218707,222,1,50
4218707,223,1,50
4218707,224,1,50
4218707,225,1,50
4218707,226,1,50
4218707,227,1,51
4218707,228,1,51
4218707,229,1,51
4218707,230,1,51
4218707,231,1,51
4218707,232,1,51
4218707,233,1,51
4218707,234,1,51
4218707,235,1,51
4218707,236,1,51
4218707,237,1,51
4218707,238,1,51
4218707,239,1,51
4218707,240,1,51
4218707,241,1,51
4218707,242,1,51
4218707,243,1,52
4218707,244,1,52
4218707,245,1,52
4218707,246,1,52
4218707,247,1,52
4218707,248,1,52
4218707,249,1,52
4218707,250,1,52
4218707,251,1,52
4218707,252,1,52
4218707,253,1,52
4218707,254,1,52
4218707,255,1,52
4218707,256,1,53
4218707,257,1,53
4218707,258,1,53
4218707,259,1,53
4218707,260,1,53
4218707,261,1,53
4218707,262,1,53
4218707,263,1,53
4218707,264,1,53
4218707,265,1,53
4218707,266,1,53
4218707,267,1,53
4218707,268,1,53
4218707,269,1,53
4218707,270,1,53
4218707,271,1,53
4218707,272,1,53
4218707,273,1,53
4218707,274,1,53
4218707,275,1,53
4218707,276,1,54
4218707,277,1,54
4218707,278,1,54
4218707,279,1,54
4218707,280,1,54
4218707,281,1,54
4218707,282,1,54
4218707,283,1,54
4218707,284,1,54
4218707,285,1,54
4218707,286,1,54
4218707,287,1,54
4218707,288,1,54
4218707,289,1,54
4218707,290,1,54
4218707,291,1,55
4218707,292,1,55
4218707,293,1,55
4218707,294,1,55
4218707,295,1,55
4218707,296,1,55
4218707,297,1,55
4218707,298,1,55
4218707,299,1,55
4218707,300,1,55
4218707,301,1,55
4218707,302,1,55
4218707,303,1,55
4218707,304,1,55
4218707,305,1,55
4218707,306,1,55
4218707,307,1,56
4218707,308,1,56
4218707,309,1,56
4218707,310,1,56
4218707,311,1,56
4218707,312,1,56
4218707,313,1,56
4218707,314,1,56
4218707,315,1,56
4218707,316,1,56
4218707,317,1,56
4218707,318,1,57
4218707,319,1,57
4218707,320,1,57
4218707,321,1,57
4218707,322,1,57
4218707,323,1,57
4218707,324,1,57
4218707,325,1,57
4218707,326,1,57
4218707,327,1,57
4218707,328,1,58
4218707,329,1,58
4218707,330,1,58
4218707,331,1,58
4218707,332,1,58
4218707,333,1,58
4218707,334,1,58
4218707,335,1,58
4218707,336,1,58
4218707,337,1,58
4218707,338,1,58
4218707,339,1,58
4218707,340,1,59
4218707,341,1,59
4218707,342,1,59
4218707,343,1,59
4218707,344,1,59
4218707,345,1,59
4218707,346,1,59
4218707,347,1,59
4218707,348,1,59
4218707,349,1,59
4218707,350,1,59
4218707,351,1,60
4218707,352,1,60
4218707,353,1,60
4218707,354,1,60
4218707,355,1,60
4218707,356,1,60
4218707,357,1,60
4218707,358,1,60
4218707,359,1,60
4218707,360,1,60
4218707,361,1,60
4218707,362,1,60
4218707,363,1,60
4218707,364,1,60
4218707,365,1,60
4218707,366,1,60
4218707,367,1,61
4218707,368,1,61
4218707,369,1,61
4218707,370,1,61
4218707,371,1,62
4218707,372,1,62
4218707,373,1,62
4218707,374,1,62
